{
    "wikipedia": {
        "paragraphdump": ". Bellroy is an Australian accessories brand, making carry goods including bags, folios, wallets, pouches, phone cases and key covers. They are a certified B Corporation.[1]. Bellroy was founded in 2009 by designers Andrew Fallshaw and Hadrien Monloup, as well as engineers Lina Calabria and Matthew Fallshaw.[2] The name \"Bellroy\" derives from the towns of Bells Beach and Fitzroy, where the company has offices.[3]. The brand launched their first wallets in August 2010.[4]. As of August 2016, Bellroy had approximately 70 employees.[5] It sells its products through retailers in 120 countries.[6]. Bellroy announced a partnership in April 2019 with Silas Capital, a New York based growth equity firm that invests in consumer brands.[7]",
        "Type": "Private",
        "Founded": "2009; 11\u00a0years ago(2009)Melbourne,Victoria,Australia",
        "Founder": "Andrew FallshawHadrien MonloupLina CalabriaMatthew Fallshaw",
        "Headquarters": "Melbourne, Victoria, Australia",
        "Key people": "Andrew Fallshaw, co-founder (CEO)Lina Calabria, co-founder (COO)Matthew Fallshaw, co-founder (CIO)",
        "Products": "Bags, wallets, phone cases, pouches, folios, key covers",
        "Website": "bellroy.com"
    },
    "crunchbase": {
        "CB Rank (Company)": "95,880",
        "Number of Funding Rounds": "1",
        "Number of Lead Investors": "1",
        "Number of Investors": "1",
        "Number of Current Team Members": "1",
        "Number of Articles": "9",
        "Categories": "E-Commerce,Retail,Web Design",
        "Headquarters Regions": "Asia-Pacific (APAC),Australasia",
        "Founded Date": "Aug 1, 2010",
        "Founders": "Andy Fallshaw",
        "Operating Status": "Active",
        "Last Funding Type": "Corporate Round",
        "Number of Employees": "101-250",
        "IPO Status": "Private",
        "Website": "bellroy.com",
        "Facebook": "View on Facebook",
        "Twitter": "View on Twitter",
        "Contact Email": "support@bellroy.com",
        "smalldescription": "Bellroy exists to slim your wallet. But just slim isn\u2019t enough. We want our products to look elegant, be functional yet delightful to use."
    }
}