{
    "wikipedia": {
        "paragraphdump": ". Not to be confused with The Blue Bottle Coffee House. Blue Bottle Coffee, Inc. is a coffee roaster and retailer headquartered in Oakland, California, United States. In 2017, a majority stake in the company was acquired by Nestl\u00e9. It is considered a major player in third wave coffee.[1] The company focuses on single-origin beans.[2]. The company while based in Oakland, California soon expanded to other areas around the country. Blue Bottle first expanded to several caf\u00e9s in locations around San Francisco, including the Ferry Building and the San Francisco Museum of Modern Art's rooftop garden.[3] The company operated 29 stores in 2016, and it anticipates having more than 50 cafes open by end of 2017 in California, New York, Washington, D.C., Miami, Seoul and Tokyo.[4]. W. James Freeman founded Blue Bottle Coffee in the early 2000s in Oakland, CA, borrowing the name from one of Europe's first cafes, The Blue Bottle Coffee House. His intention was to roast coffee in small batches (6 lbs. per roast) to sell within 24 hours of roasting, initially as a home-delivery service. Blue Bottle soon ceased deliveries and opened as a traditional cafe.[5]. Blue Bottle opened additional locations in San Francisco and elsewhere in the San Francisco Bay Area, and then opened its first New York location in Williamsburg, Brooklyn in 2010.[6] The company-owned stores carry off-menu items such as the \"Gibraltar\", a form of cortado.[3]. In 2012, Blue Bottle received $20 million in venture capital investment.[7]. In January 2014, Blue Bottle raised $25.75 million in new round of funding.[8]. In 2015, Blue Bottle completed a venture capital round in which it raised $70 million+ from investors led by Fidelity.[9]. Since its inception, the company has raised $120 million from investors.[10]. In September 2017, Nestle S.A., the world's largest food and drinks company, acquired a majority stake of Blue Bottle.[11] While the deal's financial details were not disclosed, the Financial Times reported \"Nestle is understood to be paying up to $500m for the 68 per cent stake in Blue Bottle\".[12] Blue Bottle expected to increase sales by 70% in 2017.[13] . In September 2018, Blue Bottle Coffee opened its first location in Kobe, Japan.[14] In May 2019, Blue Bottle Coffee opened its first location in Seoul, South Korea.[15]. ",
        "Type": "Subsidiary",
        "Industry": "Coffee industry",
        "Founded": "2002; 18\u00a0years ago(2002)",
        "Founder": "W. James Freeman",
        "Headquarters": "Oakland,California,U.S.",
        "Area served": "United States",
        "Key people": "W. James Freeman, FounderBryan Meehan, CEO",
        "Parent": "Nestl\u00e9(2017\u2013present)",
        "Website": "bluebottlecoffee.com"
    },
    "crunchbase": {
        "Acquired by": "Nestl\u00e9",
        "Number of Acquisitions": "3",
        "Categories": "Coffee,Food and Beverage,Retail",
        "Headquarters Regions": "San Francisco Bay Area,West Coast,Western US",
        "Founded Date": "2002",
        "Founders": "James Freeman",
        "Operating Status": "Active",
        "Funding Status": "M&A",
        "Last Funding Type": "Series C",
        "Number of Employees": "1001-5000",
        "Legal Name": "Blue Bottle Coffee, Inc.",
        "IPO Status": "Private",
        "Company Type": "For Profit",
        "Website": "www.bluebottlecoffee.com",
        "Facebook": "View on Facebook",
        "LinkedIn": "View on LinkedIn",
        "Twitter": "View on Twitter",
        "smalldescription": "Blue Bottle Coffee is a coffee roaster and retailer platform.",
        "longdescription": "Blue Bottle Coffee is a passionate team of hundreds around the world, united by the simple purpose of getting great coffee to everyone who asks for it whether that be in our cafes or at home. Blue Bottle is headquartered in Oakland, CA and have retail and business operations in the Bay Area, Los Angeles, New York, and Tokyo."
    }
}