{
    "wikipedia": {
        "paragraphdump": "Blue Apron Inc. is an American ingredient-and-recipe meal kit service. It exclusively operates in the United States.[3] The weekly boxes contain ingredients and also include suggested recipes that must be cooked by hand by the customer using the pre-ordered ingredients.. As of September 2016, the company had shipped 8 million meal servings.[4] In June 2017, the company went public with an initial public offering.[5]. Matt Salzberg, Ilia Papas and Matt Wadiak first began sending customers boxes containing the ingredients to cook recipes in August 2012, packing and shipping the first 30 orders themselves from a commercial kitchen in Long Island City.[6] In May 2014, the company announced that it would be launching a fulfillment center in Richmond, California.[7] In November 2014, Blue Apron launched Blue Apron Market, a store featuring kitchen tools and cookware.[8] In December 2014, the company opened another fulfillment center in Jersey City, New Jersey.[9]. After the opening of its third fulfillment center in Arlington, Texas in June 2015, the company began shipping to the contiguous United States.[10]. In September 2015, Blue Apron launched Blue Apron Wine, a direct-to-consumer wine delivery service that sends customers six 500ml bottles per month.[11] The wines, made specifically for Blue Apron, are purchased directly from vineyards and sent directly to customers.[12]. In October 2016, Buzzfeed reported a history of safety and health violations at the company's Richmond, California distribution center. The company attributed the problems to operational issues while scaling up during its early days.[13]. The company announced in February 2017 that it would be opening a fulfillment center in Linden, New Jersey.[14]. On June 29, 2017, Blue Apron had its initial public offering of 30 million shares of class A common stock (ticker APRN) priced at $10 per share; it is the first U.S. meal-kit company to go public.[5]. Since going public, Wall Street has cut Blue Apron's stock price in half, and by October 2017, prior to its next earnings report, the company announced a company-wide realignment, 6% of employees laid off at both the corporate offices and fulfillment centers, estimated to be a couple of hundred jobs.[15][16]. On November 30, 2017, Blue Apron announced that Brad Dickerson would be replacing Salzberg as CEO; Salzberg will remain chairman.[17]. As of March 26, 2018, Blue Apron has lost 81.4% of its market value since its initial public offering.[18]. In May 2018, Blue Apron began selling 4 servings meal kits at 17 Costco locations in California, marking the company's entrance into physical retail[19] and Tim Bensley, formerly of Acosta Sales & Marketing, entered as CFO.[20] . On August 2, 2018, Blue Apron, announced the total number of customers who paid for a meal delivery had a decrease of 24 percent during the second quarter of 2018 compared to the previous quarter, and the company also indicated total orders had slipped by 23 percent.[21]. In April 2019, Brad Dickerson was succeeded by Linda Findley Kozlowski as the new CEO of the company. However, Dickerson remains the company's adviser for an undisclosed period of time.[22]. The company and other meal kit companies have been criticized for creating excess packaging waste from the individually packaged ingredients.[23] Blue Apron does not disclose whether it uses any organic ingredients, but partners with farms that limit agricultural chemicals and promote soil health through crop rotation to grow specialty crops for the company.[24]",
        "Type of business": "Public",
        "Traded\u00a0as": "NYSE:APRN(Class A)",
        "Founded": "August\u00a02012; 7\u00a0years ago(2012-08)",
        "Headquarters": "New York City,New York, U.S.",
        "Area\u00a0served": "United States",
        "Founder(s)": "Matt WadiakMatt SalzbergIlia Papas",
        "Key\u00a0people": "Matt Salzberg (Co-founder andChairman)Linda Kozlowsk,[1](CEO)Ilia Papas (Co-founder andCTO)Jared Cluff (CMO)",
        "Industry": "Meal kit",
        "Revenue": "$667.6 M (2018)[2]",
        "Employees": "3,938 (2017)",
        "Subsidiaries": "Blue Apron MarketBN Ranch",
        "Website": "blueapron.com"
    },
    "crunchbase": {
        "Number of Acquisitions": "1",
        "Total Funding Amount": "$199.4M",
        "Number of Funding Rounds": "6",
        "Number of Lead Investors": "4",
        "Number of Investors": "17",
        "Downloads Last 30 Days": "32,278",
        "Monthly Download Growth": "2.03%",
        "Number of Current Team Members": "14",
        "Number of Board Members / Advisors": "2",
        "Number of Events": "2",
        "Number of Articles": "1,482",
        "Categories": "Delivery,E-Commerce,Food and Beverage",
        "Headquarters Regions": "Greater New York Area,East Coast,Northeastern US",
        "Founded Date": "2012",
        "Founders": "Ilia Papas,Matt Salzberg,Matthew Wadiak",
        "Operating Status": "Active",
        "Funding Status": "IPO",
        "Last Funding Type": "Post-IPO Equity",
        "Number of Employees": "501-1000",
        "Legal Name": "Blue Apron, LLC",
        "Hub Tags": "Unicorn",
        "IPO Status": "Public",
        "Stock Symbol": "NYSE:APRN",
        "Company Type": "For Profit",
        "Website": "www.blueapron.com",
        "Facebook": "View on Facebook",
        "LinkedIn": "View on LinkedIn",
        "Twitter": "View on Twitter",
        "Contact Email": "contact@blueapron.com",
        "Phone Number": "18882784349",
        "Valuation at IPO": "$1.9B",
        "Money Raised at IPO": "$300M",
        "IPO Share Price": "$10.00",
        "IPO Date": "Jun 29, 2017",
        "smalldescription": "Blue Apron is a grocery delivery service company that delivers a recipe and the required ingredients right to their customer's doorstep.",
        "longdescription": "Blue Apron is a New York-based start-up that is changing the way people cook at home. Blue Apron's weekly subscription service delivers everything you need to make fresh meals, including shopping for its customers at wholesale and delivering all the ingredients in specific proportions, along with printed recipe cards. The model aims to emulate having your own private chef-- subscribers will discover new recipes, eat fresher food, and save both time and money.Read More"
    }
}