{
    "wikipedia": {
        "paragraphdump": "Everlane is an American clothing retailer that sells primarily online. The organization is headquartered in San Francisco, California and also has a store in New York City.[1] The company was founded with the mission of selling clothing [2][3] with transparent pricing.[4][5][6] . Everlane was founded in 2010 by Michael Preysman and Jesse Farmer as an online menswear retailer.[2] By 2015, the company had received $1.1 million in seed funding.[7] Everlane started with a referral invite list that gained 60,000 subscribers in 5 days, although the company only had 1,500 T-shirts in inventory.[8] In 2012, Everlane opened a pop-up shop in New York for two weeks during the holidays.[9]. In 2014, Everlane began a partnership with delivery company Postmates to provide same-day delivery to consumers in San Francisco and New York.[10] In 2015, Everlane launched a mobile app, which featured weather updates and suggestions on what to wear for that particular weather.[11]. The company opened permanent stores in SoHo in New York City in 2017 and in San Francisco in 2018.[12][13][14] Everlane has factories in China, Vietnam, Sri Lanka, Italy, Spain, Peru and the United States.[15]. Everlane uses its website and social media to educate customers on its supply chain, factories, employees, and the price breakdown of each product.[16] . The brand expanded into denim in 2017, after Preysman delayed the launch until the company could find a factory that met the business' sustainability standards. Head of product, Kim Smith, eventually found one in Vietnam, that recycles 98% of the water used in denim manufacturing and turns any chemicals used in the process into bricks for constructing affordable houses.[17] . In 2018, the company pledged to stop using virgin plastic by 2021, including in packaging and in clothing made of synthetic fibers.[18][19] On October 24, 2018, Everlane launched ReNew, a line of outerwear crafted from materials that were created out of 3 million recycled plastic bottles.[19] The company plans to accomplish their goal by redeveloping the fabrics, yarns, and all raw materials that contain synthetic fibres into recycled components by 2021.[20] In May 2019, Everlane released the DayGlove ReKnit, a shoe made entirely of recycled plastic bottles.[21]. Everlane holds \"Choose What You Pay\" sales, which allow shoppers to select one of three prices for a piece of merchandise. The lowest price covers production and shipping cost, while the higher prices cover additional costs such as overhead. The website is transparent about what the cost of the item would cover.[22] Preysman, CEO of Everlane, explained the sale as an attempt to make the brand more transparent.[22]. The brand has received publicity via actress Angelina Jolie, who has been seen wearing Everlane loafers[23] and carrying an Everlane tote bag.[24] Model Gigi Hadid has worn Everlane sneakers.[25] The Duchess of Sussex, Meghan Markle, has been photographed wearing an Everlane cashmere sweater.[26]. In 2015, founder Michael Preysman was included in Forbes' 30 Under 30 for his work on the firm in \"reinventing retail and E-Commerce.\"[27] Preysman has also been included in the BoF 500, an index of the people shaping the contemporary fashion industry.[28]",
        "Industry": "Retail",
        "Founded": "2010(2010)",
        "Founders": "Michael PreysmanJesse Farmer",
        "Headquarters": "San Francisco, CaliforniaUnited States",
        "Area served": "United States and Canada",
        "Key people": "Rebekka Bay (Head of Product and Design)",
        "Products": "Women's and Men's: Shoes, clothing, bags, accessories",
        "Revenue": "$40 Million (2017)[citation needed]",
        "Website": "everlane.com"
    },
    "crunchbase": {
        "Total Funding Amount": "$1.2M",
        "CB Rank (Company)": "1,023",
        "Number of Funding Rounds": "3",
        "Number of Lead Investors": "1",
        "Number of Investors": "15",
        "Number of Current Team Members": "4",
        "Number of Board Members / Advisors": "1",
        "Number of Articles": "227",
        "Categories": "E-Commerce,Fashion,Retail",
        "Headquarters Regions": "San Francisco Bay Area,West Coast,Western US",
        "Founded Date": "2010",
        "Founders": "Jesse Farmer,Michael Preysman",
        "Operating Status": "Active",
        "Funding Status": "Late Stage Venture",
        "Last Funding Type": "Series D",
        "Number of Employees": "251-500",
        "Legal Name": "Everlane, Inc.",
        "IPO Status": "Private",
        "Website": "www.everlane.com",
        "Facebook": "View on Facebook",
        "LinkedIn": "View on LinkedIn",
        "Twitter": "View on Twitter",
        "Contact Email": "contact@everlane.com",
        "smalldescription": "Everlane designs, manufactures, and sells luxury clothing items at a low retail markup via an online e-commerce website.",
        "longdescription": "Everlane is a luxury clothing design and manufacturing company. Everlane aims to provide low-cost, high-quality goods by cutting out middlemen."
    }
}