{
    "wikipedia": {
        "paragraphdump": "Finish Line, Inc. is an American retail chain that sells athletic shoes and related apparel and accessories. The company operates 660 stores in 47 states and Puerto Rico, mostly in enclosed shopping malls, as well as Finish Line-branded athletic shoe departments in more than 450 Macy's stores. On June 18, 2018, the company was acquired by JD Sports after the completion of its merger at a price of $13.50 per share in cash.[4]. On March 23, 2005, the company restated its financial results to reflect straight line expense over the lease term including any rent-free build-out periods.[5]",
        "Type": "Subsidiary",
        "Traded\u00a0as": "NASDAQ:\u00a0FINL (Class A)",
        "Industry": "Athletic footwear and fashion",
        "Founded": "1976; 44\u00a0years ago(1976)",
        "Founders": "Alan CohenDavid Klapper",
        "Headquarters": "Indianapolis,Indiana,U.S.",
        "Number of locations": "670[1]",
        "Key people": "Sam Sato, Chairman, & CEO[2]",
        "Products": "Clothingandshoes",
        "Revenue": "$1.44 billion (2013)[3]",
        "Number of employees": "10,000+",
        "Parent": "JD Sports",
        "Website": "finishline.com"
    },
    "crunchbase": {
        "Acquired by": "JD Sports Fashion Plc",
        "Number of Acquisitions": "1",
        "Number of Current Team Members": "1",
        "Number of Board Members / Advisors": "2",
        "Number of Articles": "83",
        "Categories": "Retail",
        "Headquarters Regions": "Great Lakes,Midwestern US",
        "Founded Date": "1976",
        "Founders": "Larry Sablosky",
        "Operating Status": "Active",
        "Funding Status": "M&A",
        "Number of Employees": "10001+",
        "IPO Status": "Delisted",
        "Stock Symbol": "NASDAQ:FINL",
        "Website": "www.finishline.com",
        "Facebook": "View on Facebook",
        "LinkedIn": "View on LinkedIn",
        "Twitter": "View on Twitter",
        "Phone Number": "3176136704",
        "Transaction Name": "Finish Line acquired by JD Sports Fashion Plc",
        "Announced Date": "Mar 26, 2018",
        "Price": "$558M",
        "IPO Date": "Jun 21, 1992",
        "Delisted Date": "Jun 18, 2018",
        "smalldescription": "The Finish Line, Inc. (NASDAQ: FINL) is a premium retailer of athletic shoes, apparel and accessories. Headquartered in Indianapolis.",
        "longdescription": "Finish Line, Inc. is a leading athletic retailer offering the best selection of brand name footwear, apparel and accessories. The company operates more than 660 stores in 47 states and online at www.finishline.com."
    }
}